mode,model,sampling,test_folds,missing_class_folds,sklearn_macro_recall,thesis_four_class_ovr_BACC,thesis_four_class_ovr_TSS
stratified,extra_trees,none,5,0,0.5206782911093255,0.6810078920819587,0.3620157841639172
stratified,extra_trees,under,5,0,0.5548937435661573,0.6902406833418718,0.3804813666837434
stratified,extra_trees,smote,5,0,0.5616343035653382,0.707118136221452,0.41423627244290423
stratified,random_forest,none,5,0,0.4844468755848066,0.6582794068143663,0.3165588136287325
stratified,random_forest,under,5,0,0.5774918739229085,0.7020671447031145,0.40413428940622886
stratified,random_forest,smote,5,0,0.5498718802167077,0.6996111164429237,0.3992222328858476
grouped,extra_trees,none,5,0,0.4047826820585441,0.6108400700179406,0.22168014003588105
grouped,extra_trees,under,5,0,0.525539478384306,0.6768612915813215,0.3537225831626429
grouped,extra_trees,smote,5,0,0.4537631269010579,0.6412767949339969,0.2825535898679938
grouped,random_forest,none,5,0,0.40740531788807643,0.6149799090894614,0.22995981817892294
grouped,random_forest,under,5,0,0.5090009223457498,0.6705118060817004,0.34102361216340055
grouped,random_forest,smote,5,0,0.4458064411512687,0.6380435249101957,0.27608704982039123
chronological,extra_trees,none,1,1,0.469973544973545,,
chronological,extra_trees,under,1,1,0.5342592592592593,,
chronological,extra_trees,smote,1,1,0.482010582010582,,
chronological,random_forest,none,1,1,0.504100529100529,,
chronological,random_forest,under,1,1,0.530787037037037,,
chronological,random_forest,smote,1,1,0.5567460317460318,,
